Month,articles
2014-01,14
2014-02,15
2014-03,16
2014-04,16
2014-05,19
2014-06,17
2014-07,16
2014-08,14
2014-09,20
2014-10,17
2014-11,10
2014-12,18
2015-01,18
2015-02,10
2015-03,15
2015-04,19
2015-05,23
2015-06,18
2015-07,17
2015-08,13
2015-09,15
2015-10,25
2015-11,16
2015-12,8
2016-01,17
2016-02,23
2016-03,22
2016-04,22
2016-05,29
2016-06,18
2016-07,19
2016-08,43
2016-09,27
2016-10,27
2016-11,17
2016-12,18
2017-01,13
2017-02,13
2017-03,28
2017-04,22
2017-05,14
2017-06,18
2017-07,21
2017-08,13
2017-09,22
2017-10,16
2017-11,12
2017-12,15
